facility_code,facility_name,facility_type,district_code,region_code
MNH,Muhimbili National Hospital,National Referral Hospital,ILA,DSM
AKH-DSM,Aga Khan Hospital Dar es Salaam,Private Hospital,KIN,DSM
ISL,Islamabad Hospital,Private Hospital,ILA,DSM
TMJ,Temeke Municipal Hospital,Regional Hospital,TMK,DSM
AMN,Amana Regional Referral Hospital,Regional Hospital,ILA,DSM
MWZ-RRH,Mwanza Regional Referral Hospital,Regional Hospital,NYA,MWZ
AKH-MWZ,Aga Khan Hospital Mwanza,Private Hospital,NYA,MWZ
ARU-RRH,Arusha Regional Referral Hospital,Regional Hospital,ARC,ARU
MTI,Mount Meru Regional Referral Hospital,Regional Hospital,ARC,ARU
KCMC,Kilimanjaro Christian Medical Centre,Referral Hospital,TNC,TNG
DOD-RRH,Dodoma Regional Referral Hospital,Regional Hospital,DDC,DOD
MBY-RRH,Mbeya Regional Referral Hospital,Regional Hospital,MBC,MBY
